{
    "secondModel": {
        "Accuracy": 0.7071569271175312,
        "Precision": 0.7803837953091685,
        "Recall": 0.5162200282087447,
        "F1-Score": 0.6213921901528013,
        "Confusion Matrix": [
            [
                711,
                103
            ],
            [
                343,
                366
            ]
        ]
    }
}