{
    "firstModel": {
        "Accuracy": 0.6789231779382797,
        "Precision": 0.8900709219858156,
        "Recall": 0.3540197461212976,
        "F1-Score": 0.5065590312815338,
        "Confusion Matrix": [
            [
                783,
                31
            ],
            [
                458,
                251
            ]
        ]
    }
}