{
    "svmModel": {
        "Accuracy": 0.7708470124753776,
        "Precision": 0.7688172043010753,
        "Recall": 0.6610169491525424,
        "F1-Score": 0.7108533554266777,
        "Confusion Matrix": [
            [
                745,
                129
            ],
            [
                220,
                429
            ]
        ]
    }
}