{"test_loss": 0.778423011302948, "test_accuracy": 0.6762967705726624}