{"accuracy": [0.5269293785095215, 0.6372742056846619, 0.7264367938041687, 0.7669950723648071, 0.7714285850524902, 0.7760262489318848, 0.7825944423675537, 0.7880131602287292, 0.7873563170433044, 0.7901477813720703, 0.7996715903282166, 0.8034482598304749, 0.802955687046051, 0.803612470626831, 0.8085386157035828], "loss": [0.8513556122779846, 0.7135048508644104, 0.610461950302124, 0.559072732925415, 0.5388350486755371, 0.5298879742622375, 0.5182433128356934, 0.5034692287445068, 0.49723729491233826, 0.4839595556259155, 0.47315290570259094, 0.4659411907196045, 0.46804288029670715, 0.45636600255966187, 0.44437429308891296], "val_accuracy": [0.5344714522361755, 0.6007879376411438, 0.6441234350204468, 0.7032173275947571, 0.7065003514289856, 0.7334209084510803, 0.7209454774856567, 0.6789231896400452, 0.7255417108535767, 0.7196323275566101, 0.7078135013580322, 0.70124751329422, 0.7150360941886902, 0.7097833156585693, 0.6822061538696289], "val_loss": [0.7544894814491272, 0.7073935866355896, 0.6717445254325867, 0.6068604588508606, 0.6012400984764099, 0.5820819139480591, 0.5855069160461426, 0.6820526123046875, 0.5666242241859436, 0.5919960737228394, 0.5966098308563232, 0.6287438869476318, 0.5858246684074402, 0.6066905856132507, 0.7836614847183228]}