{"test_loss": 0.7965518832206726, "test_accuracy": 0.7071569561958313}