{"accuracy": [0.5773398876190186, 0.7423645257949829, 0.7899835705757141, 0.8073891401290894, 0.8192118406295776, 0.8292282223701477, 0.8500820994377136, 0.8623973727226257, 0.8816092014312744, 0.8972085118293762, 0.9078817963600159, 0.922331690788269, 0.9277504086494446], "loss": [0.6975767016410828, 0.5488464832305908, 0.47201016545295715, 0.44853758811950684, 0.4295777678489685, 0.40760648250579834, 0.37435317039489746, 0.3412356674671173, 0.31094709038734436, 0.2768385410308838, 0.2561863660812378, 0.22628405690193176, 0.20959408581256866], "val_accuracy": [0.5344714522361755, 0.727511465549469, 0.7373604774475098, 0.734734058380127, 0.7301378846168518, 0.7340774536132812, 0.7294812798500061, 0.6979645490646362, 0.7314510941505432, 0.7117531299591064, 0.7170059084892273, 0.7130663394927979, 0.7071569561958313], "val_loss": [0.6667962074279785, 0.5523892641067505, 0.5492108464241028, 0.5512419939041138, 0.559683084487915, 0.5821109414100647, 0.600586473941803, 0.6794459819793701, 0.6635168194770813, 0.697792112827301, 0.6990805864334106, 0.7794175744056702, 0.7965518832206726]}